[
    {"country_id": 38, "area_id":1, "name":"Maroua"},
    {"country_id": 38, "area_id":1, "name":"Kousséri"},
    {"country_id": 38, "area_id":1, "name":"Yagoua"},
    {"country_id": 38, "area_id":1, "name":"Kaélé"},
    {"country_id": 38, "area_id":1, "name":"Mora"},
    {"country_id": 38, "area_id":1, "name":"Mokolo"},
    {"country_id": 38, "area_id":2, "name":"Garoua"},
    {"country_id": 38, "area_id":2, "name":"Poli"},
    {"country_id": 38, "area_id":2, "name":"Guider"},
    {"country_id": 38, "area_id":2, "name":"Tcholliré"},    
    {"country_id": 38, "area_id":3, "name":"Tibati"},
    {"country_id": 38, "area_id":3, "name":"Tignère"},
    {"country_id": 38, "area_id":3, "name":"Banyo"},
    {"country_id": 38, "area_id":3, "name":"Meiganga"},
    {"country_id": 38, "area_id":3, "name":"Ngaoundéré"},    
    {"country_id": 38, "area_id":4, "name":"Yokadouma"},
    {"country_id": 38, "area_id":4, "name":"Abong-Mbang"},
    {"country_id": 38, "area_id":4, "name":"Batouri"},
    {"country_id": 38, "area_id":4, "name":"Bertoua"},    
    {"country_id": 38, "area_id":5, "name":"Nanga-Eboko"},
    {"country_id": 38, "area_id":5, "name":"Monatele"},
    {"country_id": 38, "area_id":5, "name":"Bafia"},
    {"country_id": 38, "area_id":5, "name":"Ntui"},
    {"country_id": 38, "area_id":5, "name":"Mfou"},
    {"country_id": 38, "area_id":5, "name":"Ngoumou"},
    {"country_id": 38, "area_id":5, "name":"Yaoundé"},
    {"country_id": 38, "area_id":5, "name":"Éséka"},
    {"country_id": 38, "area_id":5, "name":"Akonolinga"},
    {"country_id": 38, "area_id":5, "name":"Mbalmayo"},
    {"country_id": 38, "area_id":6, "name":"Sangmélima"},
    {"country_id": 38, "area_id":6, "name":"Ebolowa"},
    {"country_id": 38, "area_id":6, "name":"Kribi"},
    {"country_id": 38, "area_id":6, "name":"Ambam"},    
    {"country_id": 38, "area_id":7, "name":"Nkongsamba"},
    {"country_id": 38, "area_id":7, "name":"Yabassi"},
    {"country_id": 38, "area_id":7, "name":"Édéa"},
    {"country_id": 38, "area_id":7, "name":"Douala"},
    {"country_id": 38, "area_id":8, "name":"Mbouda"},
    {"country_id": 38, "area_id":8, "name":"Bafang"},
    {"country_id": 38, "area_id":8, "name":"Baham"},
    {"country_id": 38, "area_id":8, "name":"Bandjoun"},
    {"country_id": 38, "area_id":8, "name":"Dschang"},
    {"country_id": 38, "area_id":8, "name":"Bafoussam"},
    {"country_id": 38, "area_id":8, "name":"Bangangté"},
    {"country_id": 38, "area_id":8, "name":"Foumban"},    
    {"country_id": 38, "area_id":9, "name":"Fundong"},
    {"country_id": 38, "area_id":9, "name":"Kumbo"},
    {"country_id": 38, "area_id":9, "name":"Nkambé"},
    {"country_id": 38, "area_id":9, "name":"Wum"},
    {"country_id": 38, "area_id":9, "name":"Bamenda"},
    {"country_id": 38, "area_id":9, "name":"Mbengwi"},
    {"country_id": 38, "area_id":9, "name":"Ndop"},
    {"country_id": 38, "area_id":10, "name":"Limbé"},
    {"country_id": 38, "area_id":10, "name":"Bangem"},
    {"country_id": 38, "area_id":10, "name":"Menji"},
    {"country_id": 38, "area_id":10, "name":"Mamfé"},
    {"country_id": 38, "area_id":10, "name":"Kumba"},
    {"country_id": 38, "area_id":10, "name":"Mundemba"}
]